{"cameraMode":{"drawMode":0,"name":"Shaded","section":"Shading Mode"},"sceneLighting":false,"audioPlay":false,"sceneViewState":{"showFog":true,"showMaterialUpdate":true,"showSkybox":true,"showFlares":true,"showImageEffects":true,"showParticleSystems":true},"in2DMode":false,"pivot":{"x":297.98162841796877,"y":144.8730926513672,"z":558.5755004882813},"rotation":{"x":-0.2126898169517517,"y":0.42524707317352297,"z":-0.10353008657693863,"w":-0.8736186623573303},"size":9.682790756225586,"orthographic":false}