{"cameraMode":{"drawMode":0,"name":"Shaded","section":"Shading Mode"},"sceneLighting":false,"audioPlay":false,"sceneViewState":{"showFog":true,"showMaterialUpdate":true,"showSkybox":true,"showFlares":true,"showImageEffects":true,"showParticleSystems":true},"in2DMode":false,"pivot":{"x":261.4400939941406,"y":234.8206787109375,"z":-812.6990356445313},"rotation":{"x":-0.024759480729699136,"y":0.6684328317642212,"z":-0.022273501381278039,"w":-0.7430265545845032},"size":24.02454948425293,"orthographic":false}