{"cameraMode":{"drawMode":0,"name":"Shaded","section":"Shading Mode"},"sceneLighting":false,"audioPlay":false,"sceneViewState":{"showFog":true,"showMaterialUpdate":true,"showSkybox":true,"showFlares":true,"showImageEffects":true,"showParticleSystems":true},"in2DMode":false,"pivot":{"x":410.2764892578125,"y":127.1307144165039,"z":-1282.738037109375},"rotation":{"x":-0.18056730926036836,"y":0.21924863755702973,"z":-0.041328150779008868,"w":-0.9579235315322876},"size":91.39292907714844,"orthographic":false}