{"cameraMode":{"drawMode":0,"name":"Shaded","section":"Shading Mode"},"sceneLighting":false,"audioPlay":false,"sceneViewState":{"showFog":true,"showMaterialUpdate":true,"showSkybox":true,"showFlares":true,"showImageEffects":true,"showParticleSystems":true},"in2DMode":false,"pivot":{"x":-13.951908111572266,"y":-0.19048023223876954,"z":12.899595260620118},"rotation":{"x":-0.023818880319595338,"y":0.3847706615924835,"z":-0.009932910092175007,"w":-0.9226514101028442},"size":41.716548919677737,"orthographic":false}