{"cameraMode":{"drawMode":0,"name":"Shaded","section":"Shading Mode"},"sceneLighting":false,"audioPlay":false,"sceneViewState":{"showFog":true,"showMaterialUpdate":true,"showSkybox":true,"showFlares":true,"showImageEffects":true,"showParticleSystems":true},"in2DMode":false,"pivot":{"x":36.98632049560547,"y":45.95354461669922,"z":-719.2896728515625},"rotation":{"x":-0.29411032795906069,"y":0.2725101709365845,"z":-0.08789397031068802,"w":-0.9118728041648865},"size":28.414915084838868,"orthographic":false}