{"cameraMode":{"drawMode":0,"name":"Shaded","section":"Shading Mode"},"sceneLighting":true,"audioPlay":false,"sceneViewState":{"showFog":true,"showMaterialUpdate":true,"showSkybox":true,"showFlares":true,"showImageEffects":true,"showParticleSystems":true},"in2DMode":false,"pivot":{"x":-2.1882362365722658,"y":-10.32960319519043,"z":-373.6922607421875},"rotation":{"x":0.14576707780361176,"y":-0.11605649441480637,"z":0.01722131296992302,"w":0.9823371767997742},"size":64.57209014892578,"orthographic":false}