{"cameraMode":{"drawMode":0,"name":"Shaded","section":"Shading Mode"},"sceneLighting":false,"audioPlay":false,"sceneViewState":{"showFog":true,"showMaterialUpdate":true,"showSkybox":true,"showFlares":true,"showImageEffects":true,"showParticleSystems":true},"in2DMode":false,"pivot":{"x":-28.92479705810547,"y":21.773710250854493,"z":-88.17344665527344},"rotation":{"x":-0.18224753439426423,"y":0.020650139078497888,"z":-0.0038284591864794494,"w":-0.9830284118652344},"size":16.401121139526368,"orthographic":false}