{"cameraMode":{"drawMode":0,"name":"Shaded","section":"Shading Mode"},"sceneLighting":false,"audioPlay":false,"sceneViewState":{"showFog":true,"showMaterialUpdate":true,"showSkybox":true,"showFlares":true,"showImageEffects":true,"showParticleSystems":true},"in2DMode":false,"pivot":{"x":45.80011749267578,"y":45.67585372924805,"z":-704.5562744140625},"rotation":{"x":-0.1475779265165329,"y":0.3621833920478821,"z":-0.05819243565201759,"w":-0.9185084104537964},"size":31.011802673339845,"orthographic":false}