{"cameraMode":{"drawMode":0,"name":"Shaded","section":"Shading Mode"},"sceneLighting":true,"audioPlay":false,"sceneViewState":{"showFog":true,"showMaterialUpdate":true,"showSkybox":true,"showFlares":true,"showImageEffects":true,"showParticleSystems":true},"in2DMode":false,"pivot":{"x":-0.012140274047851563,"y":6.3212127685546879,"z":-417.2253112792969},"rotation":{"x":-0.007642148993909359,"y":0.20610398054122926,"z":-0.00160948745906353,"w":-0.9784989953041077},"size":47.007938385009769,"orthographic":false}