{"cameraMode":{"drawMode":0,"name":"Shaded","section":"Shading Mode"},"sceneLighting":false,"audioPlay":false,"sceneViewState":{"showFog":true,"showMaterialUpdate":true,"showSkybox":true,"showFlares":true,"showImageEffects":true,"showParticleSystems":true},"in2DMode":false,"pivot":{"x":10.524852752685547,"y":41.07223892211914,"z":138.11961364746095},"rotation":{"x":-0.11717651784420014,"y":0.21480855345726014,"z":-0.025968939065933229,"w":-0.969253659248352},"size":13.531006813049317,"orthographic":false}