{"cameraMode":{"drawMode":0,"name":"Shaded","section":"Shading Mode"},"sceneLighting":false,"audioPlay":false,"sceneViewState":{"showFog":true,"showMaterialUpdate":true,"showSkybox":true,"showFlares":true,"showImageEffects":true,"showParticleSystems":true},"in2DMode":false,"pivot":{"x":-18.417360305786134,"y":1.7731819152832032,"z":-464.47882080078127},"rotation":{"x":-0.13369424641132356,"y":0.2721462547779083,"z":-0.038212694227695468,"w":-0.9521565437316895},"size":5.115767002105713,"orthographic":false}