{"cameraMode":{"drawMode":0,"name":"Shaded","section":"Shading Mode"},"sceneLighting":false,"audioPlay":false,"sceneViewState":{"showFog":true,"showMaterialUpdate":true,"showSkybox":true,"showFlares":true,"showImageEffects":true,"showParticleSystems":true},"in2DMode":false,"pivot":{"x":-18.0,"y":1.75870680809021,"z":-464.22406005859377},"rotation":{"x":-0.023818880319595338,"y":0.3847706615924835,"z":-0.009932910092175007,"w":-0.9226514101028442},"size":5.7157673835754398,"orthographic":false}