{"cameraMode":{"drawMode":0,"name":"Shaded","section":"Shading Mode"},"sceneLighting":false,"audioPlay":false,"sceneViewState":{"showFog":true,"showMaterialUpdate":true,"showSkybox":true,"showFlares":true,"showImageEffects":true,"showParticleSystems":true},"in2DMode":false,"pivot":{"x":43.542476654052737,"y":45.54206085205078,"z":-692.8632202148438},"rotation":{"x":-0.2841357886791229,"y":0.568446934223175,"z":-0.21806970238685609,"w":-0.7406623363494873},"size":89.48131561279297,"orthographic":false}