{"cameraMode":{"drawMode":0,"name":"Shaded","section":"Shading Mode"},"sceneLighting":false,"audioPlay":false,"sceneViewState":{"showFog":true,"showMaterialUpdate":true,"showSkybox":true,"showFlares":true,"showImageEffects":true,"showParticleSystems":true},"in2DMode":false,"pivot":{"x":11.16246509552002,"y":41.9620246887207,"z":136.04013061523438},"rotation":{"x":-0.07119196653366089,"y":0.41333019733428957,"z":-0.03243537247180939,"w":-0.907214343547821},"size":22.0,"orthographic":false}