{"cameraMode":{"drawMode":0,"name":"Shaded","section":"Shading Mode"},"sceneLighting":false,"audioPlay":false,"sceneViewState":{"showFog":true,"showMaterialUpdate":true,"showSkybox":true,"showFlares":true,"showImageEffects":true,"showParticleSystems":true},"in2DMode":false,"pivot":{"x":35.88957977294922,"y":48.72749328613281,"z":-717.62060546875},"rotation":{"x":-0.29411032795906069,"y":0.2725101709365845,"z":-0.08789397031068802,"w":-0.9118728041648865},"size":28.879459381103517,"orthographic":false}