{"cameraMode":{"drawMode":0,"name":"Shaded","section":"Shading Mode"},"sceneLighting":true,"audioPlay":false,"sceneViewState":{"showFog":true,"showMaterialUpdate":true,"showSkybox":true,"showFlares":true,"showImageEffects":true,"showParticleSystems":true},"in2DMode":false,"pivot":{"x":159.3201446533203,"y":142.2689208984375,"z":69.20806884765625},"rotation":{"x":-0.11335963755846024,"y":0.08276146650314331,"z":-0.009476239793002606,"w":-0.9900557994842529},"size":365.7351989746094,"orthographic":false}