{"cameraMode":{"drawMode":0,"name":"Shaded","section":"Shading Mode"},"sceneLighting":false,"audioPlay":false,"sceneViewState":{"showFog":true,"showMaterialUpdate":true,"showSkybox":true,"showFlares":true,"showImageEffects":true,"showParticleSystems":true},"in2DMode":false,"pivot":{"x":41.55451965332031,"y":42.974632263183597,"z":-707.95751953125},"rotation":{"x":-0.23101112246513368,"y":0.20341302454471589,"z":-0.049455296248197559,"w":-0.9501637816429138},"size":28.925079345703126,"orthographic":false}