{"cameraMode":{"drawMode":0,"name":"Shaded","section":"Shading Mode"},"sceneLighting":false,"audioPlay":false,"sceneViewState":{"showFog":true,"showMaterialUpdate":true,"showSkybox":true,"showFlares":true,"showImageEffects":true,"showParticleSystems":true},"in2DMode":false,"pivot":{"x":10.547943115234375,"y":45.19108581542969,"z":133.3236541748047},"rotation":{"x":-0.04240529239177704,"y":0.7781654596328735,"z":-0.052848223596811298,"w":-0.6243937015533447},"size":22.0,"orthographic":false}