{"cameraMode":{"drawMode":0,"name":"Shaded","section":"Shading Mode"},"sceneLighting":false,"audioPlay":false,"sceneViewState":{"showFog":true,"showMaterialUpdate":true,"showSkybox":true,"showFlares":true,"showImageEffects":true,"showParticleSystems":true},"in2DMode":false,"pivot":{"x":11.16246509552002,"y":41.9620246887207,"z":136.04013061523438},"rotation":{"x":-0.0872018113732338,"y":0.000004233079835103126,"z":-4.051138660088327e-7,"w":-0.9961906671524048},"size":22.0,"orthographic":false}