{"cameraMode":{"drawMode":0,"name":"Shaded","section":"Shading Mode"},"sceneLighting":false,"audioPlay":false,"sceneViewState":{"showFog":true,"showMaterialUpdate":true,"showSkybox":true,"showFlares":true,"showImageEffects":true,"showParticleSystems":true},"in2DMode":false,"pivot":{"x":42.331790924072269,"y":50.670658111572269,"z":-697.80224609375},"rotation":{"x":-0.3317145109176636,"y":0.23614844679832459,"z":-0.08614996820688248,"w":-0.9092731475830078},"size":47.498905181884769,"orthographic":false}