{"cameraMode":{"drawMode":0,"name":"Shaded","section":"Shading Mode"},"sceneLighting":true,"audioPlay":false,"sceneViewState":{"showFog":true,"showMaterialUpdate":true,"showSkybox":true,"showFlares":true,"showImageEffects":true,"showParticleSystems":true},"in2DMode":false,"pivot":{"x":5.939243316650391,"y":-39.7314453125,"z":-105.42486572265625},"rotation":{"x":-0.15811854600906373,"y":0.051222462207078937,"z":-0.008213691413402558,"w":-0.9860564470291138},"size":557.0451049804688,"orthographic":false}