{"cameraMode":{"drawMode":0,"name":"Shaded","section":"Shading Mode"},"sceneLighting":false,"audioPlay":false,"sceneViewState":{"showFog":true,"showMaterialUpdate":true,"showSkybox":true,"showFlares":true,"showImageEffects":true,"showParticleSystems":true},"in2DMode":false,"pivot":{"x":-140.11521911621095,"y":-27.54766845703125,"z":-10.974746704101563},"rotation":{"x":-0.23802416026592256,"y":-0.4455965459346771,"z":0.12419119477272034,"w":-0.854028582572937},"size":1644.5706787109375,"orthographic":false}