{"cameraMode":{"drawMode":0,"name":"Shaded","section":"Shading Mode"},"sceneLighting":false,"audioPlay":false,"sceneViewState":{"showFog":true,"showMaterialUpdate":true,"showSkybox":true,"showFlares":true,"showImageEffects":true,"showParticleSystems":true},"in2DMode":false,"pivot":{"x":-27.907346725463868,"y":-10.594383239746094,"z":36.841644287109378},"rotation":{"x":-0.12343857437372208,"y":0.41694989800453188,"z":-0.05727006494998932,"w":-0.8986856937408447},"size":73.866943359375,"orthographic":false}