{"cameraMode":{"drawMode":0,"name":"Shaded","section":"Shading Mode"},"sceneLighting":false,"audioPlay":false,"sceneViewState":{"showFog":true,"showMaterialUpdate":true,"showSkybox":true,"showFlares":true,"showImageEffects":true,"showParticleSystems":true},"in2DMode":false,"pivot":{"x":11.16246509552002,"y":41.9620246887207,"z":136.04013061523438},"rotation":{"x":-0.007642148993909359,"y":0.20610398054122926,"z":-0.00160948745906353,"w":-0.9784989953041077},"size":22.0,"orthographic":false}