{"cameraMode":{"drawMode":0,"name":"Shaded","section":"Shading Mode"},"sceneLighting":false,"audioPlay":false,"sceneViewState":{"showFog":true,"showMaterialUpdate":true,"showSkybox":true,"showFlares":true,"showImageEffects":true,"showParticleSystems":true},"in2DMode":false,"pivot":{"x":-126.27421569824219,"y":-110.03206634521485,"z":-142.70416259765626},"rotation":{"x":-0.15811854600906373,"y":0.051222462207078937,"z":-0.008213691413402558,"w":-0.9860564470291138},"size":9.240593910217286,"orthographic":false}