{"cameraMode":{"drawMode":0,"name":"Shaded","section":"Shading Mode"},"sceneLighting":false,"audioPlay":false,"sceneViewState":{"showFog":true,"showMaterialUpdate":true,"showSkybox":true,"showFlares":true,"showImageEffects":true,"showParticleSystems":true},"in2DMode":false,"pivot":{"x":-126.77672576904297,"y":-110.7641372680664,"z":-142.99868774414063},"rotation":{"x":-0.028802892193198205,"y":-0.014395320788025856,"z":0.0004150362510699779,"w":-0.9994813799858093},"size":5.7157673835754398,"orthographic":false}