{"cameraMode":{"drawMode":0,"name":"Shaded","section":"Shading Mode"},"sceneLighting":false,"audioPlay":false,"sceneViewState":{"showFog":true,"showMaterialUpdate":true,"showSkybox":true,"showFlares":true,"showImageEffects":true,"showParticleSystems":true},"in2DMode":false,"pivot":{"x":8.725875854492188,"y":45.83717727661133,"z":127.88294982910156},"rotation":{"x":-0.07282475382089615,"y":0.6500186920166016,"z":-0.06279736012220383,"w":-0.7538095712661743},"size":22.0,"orthographic":false}