{"cameraMode":{"drawMode":0,"name":"Shaded","section":"Shading Mode"},"sceneLighting":false,"audioPlay":false,"sceneViewState":{"showFog":true,"showMaterialUpdate":true,"showSkybox":true,"showFlares":true,"showImageEffects":true,"showParticleSystems":true},"in2DMode":false,"pivot":{"x":7.921619415283203,"y":41.48160934448242,"z":137.23977661132813},"rotation":{"x":-0.18056730926036836,"y":0.21924863755702973,"z":-0.041328150779008868,"w":-0.9579235315322876},"size":6.767513275146484,"orthographic":false}