{"cameraMode":{"drawMode":0,"name":"Shaded","section":"Shading Mode"},"sceneLighting":false,"audioPlay":false,"sceneViewState":{"showFog":true,"showMaterialUpdate":true,"showSkybox":true,"showFlares":true,"showImageEffects":true,"showParticleSystems":true},"in2DMode":false,"pivot":{"x":35.91968536376953,"y":47.400325775146487,"z":-718.7435913085938},"rotation":{"x":-0.29411032795906069,"y":0.2725101709365845,"z":-0.08789397031068802,"w":-0.9118728041648865},"size":42.25169372558594,"orthographic":false}