{"cameraMode":{"drawMode":0,"name":"Shaded","section":"Shading Mode"},"sceneLighting":false,"audioPlay":false,"sceneViewState":{"showFog":true,"showMaterialUpdate":true,"showSkybox":true,"showFlares":true,"showImageEffects":true,"showParticleSystems":true},"in2DMode":false,"pivot":{"x":266.0789489746094,"y":233.8685302734375,"z":-808.2083129882813},"rotation":{"x":-0.015754681080579759,"y":0.3485710322856903,"z":-0.005859775934368372,"w":-0.9371316432952881},"size":22.0,"orthographic":false}