{"cameraMode":{"drawMode":0,"name":"Shaded","section":"Shading Mode"},"sceneLighting":false,"audioPlay":false,"sceneViewState":{"showFog":true,"showMaterialUpdate":true,"showSkybox":true,"showFlares":true,"showImageEffects":true,"showParticleSystems":true},"in2DMode":false,"pivot":{"x":-4.392229080200195,"y":-14.475677490234375,"z":45.86516571044922},"rotation":{"x":-0.14050866663455964,"y":0.01870955526828766,"z":-0.0026557641103863718,"w":-0.9898991584777832},"size":64.16950988769531,"orthographic":false}