{"cameraMode":{"drawMode":0,"name":"Shaded","section":"Shading Mode"},"sceneLighting":true,"audioPlay":false,"sceneViewState":{"showFog":true,"showMaterialUpdate":true,"showSkybox":true,"showFlares":true,"showImageEffects":true,"showParticleSystems":true},"in2DMode":false,"pivot":{"x":540.3868408203125,"y":150.59707641601563,"z":231.19293212890626},"rotation":{"x":-0.01711164601147175,"y":-0.31033775210380556,"z":0.005586985033005476,"w":-0.9504559636116028},"size":1186.896484375,"orthographic":false}