{"cameraMode":{"drawMode":0,"name":"Shaded","section":"Shading Mode"},"sceneLighting":false,"audioPlay":false,"sceneViewState":{"showFog":true,"showMaterialUpdate":true,"showSkybox":true,"showFlares":true,"showImageEffects":true,"showParticleSystems":true},"in2DMode":false,"pivot":{"x":0.0,"y":0.20999997854232789,"z":47.86000061035156},"rotation":{"x":-0.028802892193198205,"y":-0.014395320788025856,"z":0.0004150362510699779,"w":-0.9994813799858093},"size":5.485744476318359,"orthographic":false}