{"cameraMode":{"drawMode":0,"name":"Shaded","section":"Shading Mode"},"sceneLighting":false,"audioPlay":false,"sceneViewState":{"showFog":true,"showMaterialUpdate":true,"showSkybox":true,"showFlares":true,"showImageEffects":true,"showParticleSystems":true},"in2DMode":false,"pivot":{"x":-17.333044052124025,"y":-3.6623711585998537,"z":12.062366485595704},"rotation":{"x":0.04251924529671669,"y":0.9108442664146423,"z":0.09708517789840698,"w":-0.39891013503074648},"size":6.600072860717773,"orthographic":false}