{"cameraMode":{"drawMode":0,"name":"Shaded","section":"Shading Mode"},"sceneLighting":false,"audioPlay":false,"sceneViewState":{"showFog":true,"showMaterialUpdate":true,"showSkybox":true,"showFlares":true,"showImageEffects":true,"showParticleSystems":true},"in2DMode":false,"pivot":{"x":300.0600891113281,"y":143.45191955566407,"z":549.014404296875},"rotation":{"x":-0.2186000943183899,"y":0.3111587166786194,"z":-0.07377956062555313,"w":-0.921927809715271},"size":2.8578836917877199,"orthographic":false}