{"cameraMode":{"drawMode":0,"name":"Shaded","section":"Shading Mode"},"sceneLighting":true,"audioPlay":false,"sceneViewState":{"showFog":true,"showMaterialUpdate":true,"showSkybox":true,"showFlares":true,"showImageEffects":true,"showParticleSystems":true},"in2DMode":false,"pivot":{"x":-188.12652587890626,"y":99.84642028808594,"z":-521.2396240234375},"rotation":{"x":-0.023818880319595338,"y":0.3847706615924835,"z":-0.009932910092175007,"w":-0.9226514101028442},"size":873.3624267578125,"orthographic":false}