{"cameraMode":{"drawMode":0,"name":"Shaded","section":"Shading Mode"},"sceneLighting":false,"audioPlay":false,"sceneViewState":{"showFog":true,"showMaterialUpdate":true,"showSkybox":true,"showFlares":true,"showImageEffects":true,"showParticleSystems":true},"in2DMode":false,"pivot":{"x":-36.883663177490237,"y":22.459308624267579,"z":-88.24449157714844},"rotation":{"x":-0.18224753439426423,"y":0.020650139078497888,"z":-0.0038284591864794494,"w":-0.9830284118652344},"size":17.924833297729493,"orthographic":false}