{"cameraMode":{"drawMode":0,"name":"Shaded","section":"Shading Mode"},"sceneLighting":false,"audioPlay":false,"sceneViewState":{"showFog":true,"showMaterialUpdate":true,"showSkybox":true,"showFlares":true,"showImageEffects":true,"showParticleSystems":true},"in2DMode":false,"pivot":{"x":9.417608261108399,"y":23.458908081054689,"z":-617.5},"rotation":{"x":-0.07790740579366684,"y":0.01883980818092823,"z":-0.0014725497458130122,"w":-0.9967815279960632},"size":18.25311851501465,"orthographic":false}