{"cameraMode":{"drawMode":0,"name":"Shaded","section":"Shading Mode"},"sceneLighting":false,"audioPlay":false,"sceneViewState":{"showFog":true,"showMaterialUpdate":true,"showSkybox":true,"showFlares":true,"showImageEffects":true,"showParticleSystems":true},"in2DMode":false,"pivot":{"x":36.601402282714847,"y":41.54481506347656,"z":-692.2550048828125},"rotation":{"x":-0.20433101058006288,"y":0.682253897190094,"z":-0.20791736245155335,"w":-0.6704840660095215},"size":66.708740234375,"orthographic":false}