{"cameraMode":{"drawMode":0,"name":"Shaded","section":"Shading Mode"},"sceneLighting":false,"audioPlay":false,"sceneViewState":{"showFog":true,"showMaterialUpdate":true,"showSkybox":true,"showFlares":true,"showImageEffects":true,"showParticleSystems":true},"in2DMode":false,"pivot":{"x":438.86968994140627,"y":146.38035583496095,"z":-1246.4312744140625},"rotation":{"x":-0.0764467716217041,"y":-0.21162495017051698,"z":0.016606226563453676,"w":-0.9742151498794556},"size":53.930458068847659,"orthographic":false}