{"cameraMode":{"drawMode":0,"name":"Shaded","section":"Shading Mode"},"sceneLighting":false,"audioPlay":false,"sceneViewState":{"showFog":true,"showMaterialUpdate":true,"showSkybox":true,"showFlares":true,"showImageEffects":true,"showParticleSystems":true},"in2DMode":false,"pivot":{"x":1.2871195077896119,"y":2.7334609031677248,"z":1.1968975067138672},"rotation":{"x":-0.11077135056257248,"y":0.006856298539787531,"z":-0.0007644019788131118,"w":-0.9938219785690308},"size":21.94621467590332,"orthographic":false}