{"cameraMode":{"drawMode":0,"name":"Shaded","section":"Shading Mode"},"sceneLighting":true,"audioPlay":false,"sceneViewState":{"showFog":true,"showMaterialUpdate":true,"showSkybox":true,"showFlares":true,"showImageEffects":true,"showParticleSystems":true},"in2DMode":false,"pivot":{"x":-78.89285278320313,"y":-20.859329223632814,"z":-9.282470703125},"rotation":{"x":-0.11335963755846024,"y":0.08276146650314331,"z":-0.009476239793002606,"w":-0.9900557994842529},"size":613.9888305664063,"orthographic":false}