{"cameraMode":{"drawMode":0,"name":"Shaded","section":"Shading Mode"},"sceneLighting":true,"audioPlay":false,"sceneViewState":{"showFog":true,"showMaterialUpdate":true,"showSkybox":true,"showFlares":true,"showImageEffects":true,"showParticleSystems":true},"in2DMode":false,"pivot":{"x":-41.32073211669922,"y":-94.23100280761719,"z":-21.045135498046876},"rotation":{"x":-0.12975700199604035,"y":0.07518120855093003,"z":-0.009867560118436814,"w":-0.9886423349380493},"size":463.48052978515627,"orthographic":false}