{"cameraMode":{"drawMode":0,"name":"Shaded","section":"Shading Mode"},"sceneLighting":false,"audioPlay":false,"sceneViewState":{"showFog":true,"showMaterialUpdate":true,"showSkybox":true,"showFlares":true,"showImageEffects":true,"showParticleSystems":true},"in2DMode":false,"pivot":{"x":1.855275273323059,"y":1.4907779693603516,"z":46.68904113769531},"rotation":{"x":-0.18056730926036836,"y":0.21924863755702973,"z":-0.041328150779008868,"w":-0.9579235315322876},"size":2.391472578048706,"orthographic":false}