{"cameraMode":{"drawMode":0,"name":"Shaded","section":"Shading Mode"},"sceneLighting":true,"audioPlay":false,"sceneViewState":{"showFog":true,"showMaterialUpdate":true,"showSkybox":true,"showFlares":true,"showImageEffects":true,"showParticleSystems":true},"in2DMode":false,"pivot":{"x":300.66766357421877,"y":144.097412109375,"z":549.8853149414063},"rotation":{"x":-0.2186000943183899,"y":0.3111587166786194,"z":-0.07377956062555313,"w":-0.921927809715271},"size":8.814046859741211,"orthographic":false}