{"cameraMode":{"drawMode":0,"name":"Shaded","section":"Shading Mode"},"sceneLighting":false,"audioPlay":false,"sceneViewState":{"showFog":true,"showMaterialUpdate":true,"showSkybox":true,"showFlares":true,"showImageEffects":true,"showParticleSystems":true},"in2DMode":false,"pivot":{"x":-17.137853622436525,"y":-3.090148448944092,"z":9.543037414550782},"rotation":{"x":0.03969041630625725,"y":0.9388368725776672,"z":0.11576466262340546,"w":-0.3218829929828644},"size":10.86824893951416,"orthographic":false}