{"cameraMode":{"drawMode":0,"name":"Shaded","section":"Shading Mode"},"sceneLighting":false,"audioPlay":false,"sceneViewState":{"showFog":true,"showMaterialUpdate":true,"showSkybox":true,"showFlares":true,"showImageEffects":true,"showParticleSystems":true},"in2DMode":false,"pivot":{"x":10.25414752960205,"y":34.43797302246094,"z":166.23756408691407},"rotation":{"x":-0.0872018113732338,"y":0.000004233079835103126,"z":-4.051138660088327e-7,"w":-0.9961906671524048},"size":94.73937225341797,"orthographic":false}