{"cameraMode":{"drawMode":0,"name":"Shaded","section":"Shading Mode"},"sceneLighting":false,"audioPlay":false,"sceneViewState":{"showFog":true,"showMaterialUpdate":true,"showSkybox":true,"showFlares":true,"showImageEffects":true,"showParticleSystems":true},"in2DMode":false,"pivot":{"x":296.96063232421877,"y":142.14974975585938,"z":559.7996215820313},"rotation":{"x":-0.18450689315795899,"y":0.1931980848312378,"z":-0.03701818734407425,"w":-0.9629441499710083},"size":11.66869831085205,"orthographic":false}