{"cameraMode":{"drawMode":0,"name":"Shaded","section":"Shading Mode"},"sceneLighting":false,"audioPlay":false,"sceneViewState":{"showFog":true,"showMaterialUpdate":true,"showSkybox":true,"showFlares":true,"showImageEffects":true,"showParticleSystems":true},"in2DMode":false,"pivot":{"x":415.84228515625,"y":150.5258331298828,"z":-1235.60888671875},"rotation":{"x":-0.11280838400125504,"y":0.14699260890483857,"z":-0.016876738518476487,"w":-0.9825388789176941},"size":31.26876449584961,"orthographic":false}