{"cameraMode":{"drawMode":0,"name":"Shaded","section":"Shading Mode"},"sceneLighting":false,"audioPlay":false,"sceneViewState":{"showFog":true,"showMaterialUpdate":true,"showSkybox":true,"showFlares":true,"showImageEffects":true,"showParticleSystems":true},"in2DMode":false,"pivot":{"x":11.16246509552002,"y":41.9620246887207,"z":136.04013061523438},"rotation":{"x":-0.18056730926036836,"y":0.21924863755702973,"z":-0.041328150779008868,"w":-0.9579235315322876},"size":121.39075469970703,"orthographic":false}