{"cameraMode":{"drawMode":0,"name":"Shaded","section":"Shading Mode"},"sceneLighting":false,"audioPlay":false,"sceneViewState":{"showFog":true,"showMaterialUpdate":true,"showSkybox":true,"showFlares":true,"showImageEffects":true,"showParticleSystems":true},"in2DMode":false,"pivot":{"x":74.52758026123047,"y":165.4095916748047,"z":145.3763427734375},"rotation":{"x":-0.025498652830719949,"y":0.003897539572790265,"z":-0.00009962249168893322,"w":-0.9996672868728638},"size":559.649658203125,"orthographic":false}