{"cameraMode":{"drawMode":0,"name":"Shaded","section":"Shading Mode"},"sceneLighting":false,"audioPlay":false,"sceneViewState":{"showFog":true,"showMaterialUpdate":true,"showSkybox":true,"showFlares":true,"showImageEffects":true,"showParticleSystems":true},"in2DMode":false,"pivot":{"x":41.26953887939453,"y":51.33253479003906,"z":-703.3507690429688},"rotation":{"x":-0.23101112246513368,"y":0.20341302454471589,"z":-0.049455296248197559,"w":-0.9501637816429138},"size":56.99214172363281,"orthographic":false}