{"cameraMode":{"drawMode":0,"name":"Shaded","section":"Shading Mode"},"sceneLighting":false,"audioPlay":false,"sceneViewState":{"showFog":true,"showMaterialUpdate":true,"showSkybox":true,"showFlares":true,"showImageEffects":true,"showParticleSystems":true},"in2DMode":false,"pivot":{"x":13.66246509552002,"y":44.4620246887207,"z":136.04013061523438},"rotation":{"x":-0.07644416391849518,"y":0.28313493728637698,"z":-0.022645890712738038,"w":-0.9557604789733887},"size":22.0,"orthographic":false}