{"cameraMode":{"drawMode":0,"name":"Shaded","section":"Shading Mode"},"sceneLighting":false,"audioPlay":false,"sceneViewState":{"showFog":true,"showMaterialUpdate":true,"showSkybox":true,"showFlares":true,"showImageEffects":true,"showParticleSystems":true},"in2DMode":false,"pivot":{"x":51.316322326660159,"y":36.86363983154297,"z":-697.2037963867188},"rotation":{"x":-0.2985542416572571,"y":0.02776585891842842,"z":-0.008689572103321553,"w":-0.9539491534233093},"size":53.09786605834961,"orthographic":false}