{"cameraMode":{"drawMode":0,"name":"Shaded","section":"Shading Mode"},"sceneLighting":false,"audioPlay":false,"sceneViewState":{"showFog":true,"showMaterialUpdate":true,"showSkybox":true,"showFlares":true,"showImageEffects":true,"showParticleSystems":true},"in2DMode":false,"pivot":{"x":268.5789489746094,"y":233.8685302734375,"z":-814.2083129882813},"rotation":{"x":-0.05160229280591011,"y":0.30992791056632998,"z":-0.016848497092723848,"w":-0.9492091536521912},"size":22.0,"orthographic":false}