{"cameraMode":{"drawMode":0,"name":"Shaded","section":"Shading Mode"},"sceneLighting":false,"audioPlay":false,"sceneViewState":{"showFog":true,"showMaterialUpdate":true,"showSkybox":true,"showFlares":true,"showImageEffects":true,"showParticleSystems":true},"in2DMode":false,"pivot":{"x":270.59136962890627,"y":233.8025360107422,"z":-804.6173706054688},"rotation":{"x":-0.015754681080579759,"y":0.3485710322856903,"z":-0.005859775934368372,"w":-0.9371316432952881},"size":22.0,"orthographic":false}