{"cameraMode":{"drawMode":0,"name":"Shaded","section":"Shading Mode"},"sceneLighting":false,"audioPlay":false,"sceneViewState":{"showFog":true,"showMaterialUpdate":true,"showSkybox":true,"showFlares":true,"showImageEffects":true,"showParticleSystems":true},"in2DMode":false,"pivot":{"x":237.86660766601563,"y":350.8862609863281,"z":1072.009033203125},"rotation":{"x":0.007190182339400053,"y":-0.006902365945279598,"z":-0.00004963261017110199,"w":-0.9999503493309021},"size":2.8578836917877199,"orthographic":false}