{"cameraMode":{"drawMode":0,"name":"Shaded","section":"Shading Mode"},"sceneLighting":false,"audioPlay":false,"sceneViewState":{"showFog":true,"showMaterialUpdate":true,"showSkybox":true,"showFlares":true,"showImageEffects":true,"showParticleSystems":true},"in2DMode":false,"pivot":{"x":-17.945167541503908,"y":1.7622151374816895,"z":-463.4106750488281},"rotation":{"x":-0.1773642748594284,"y":0.2570674419403076,"z":-0.04805690795183182,"w":-0.9487617015838623},"size":4.411505699157715,"orthographic":false}