{"cameraMode":{"drawMode":0,"name":"Shaded","section":"Shading Mode"},"sceneLighting":false,"audioPlay":false,"sceneViewState":{"showFog":true,"showMaterialUpdate":true,"showSkybox":true,"showFlares":true,"showImageEffects":true,"showParticleSystems":true},"in2DMode":false,"pivot":{"x":42.12805938720703,"y":56.83226013183594,"z":-706.5464477539063},"rotation":{"x":-0.29411032795906069,"y":0.2725101709365845,"z":-0.08789397031068802,"w":-0.9118728041648865},"size":45.22694396972656,"orthographic":false}