{"cameraMode":{"drawMode":0,"name":"Shaded","section":"Shading Mode"},"sceneLighting":false,"audioPlay":false,"sceneViewState":{"showFog":true,"showMaterialUpdate":true,"showSkybox":true,"showFlares":true,"showImageEffects":true,"showParticleSystems":true},"in2DMode":false,"pivot":{"x":14.942229270935059,"y":40.389591217041019,"z":135.6999969482422},"rotation":{"x":-0.08407903462648392,"y":0.3970203399658203,"z":-0.03655296936631203,"w":-0.9132192730903626},"size":22.0,"orthographic":false}