{"cameraMode":{"drawMode":0,"name":"Shaded","section":"Shading Mode"},"sceneLighting":false,"audioPlay":false,"sceneViewState":{"showFog":true,"showMaterialUpdate":true,"showSkybox":true,"showFlares":true,"showImageEffects":true,"showParticleSystems":true},"in2DMode":false,"pivot":{"x":10.589457511901856,"y":41.20285415649414,"z":138.05618286132813},"rotation":{"x":-0.17325562238693238,"y":-0.04429968446493149,"z":0.007801093626767397,"w":-0.9838492274284363},"size":8.688894271850586,"orthographic":false}