{"cameraMode":{"drawMode":0,"name":"Shaded","section":"Shading Mode"},"sceneLighting":true,"audioPlay":false,"sceneViewState":{"showFog":true,"showMaterialUpdate":true,"showSkybox":true,"showFlares":true,"showImageEffects":true,"showParticleSystems":true},"in2DMode":false,"pivot":{"x":579.83935546875,"y":-13.871368408203125,"z":-91.31329345703125},"rotation":{"x":-0.13822472095489503,"y":-0.46991217136383059,"z":0.07477883249521256,"w":-0.8686107993125916},"size":1369.8841552734375,"orthographic":false}