{"cameraMode":{"drawMode":0,"name":"Shaded","section":"Shading Mode"},"sceneLighting":true,"audioPlay":false,"sceneViewState":{"showFog":true,"showMaterialUpdate":true,"showSkybox":true,"showFlares":true,"showImageEffects":true,"showParticleSystems":true},"in2DMode":false,"pivot":{"x":-20.28605079650879,"y":28.31279182434082,"z":283.6056213378906},"rotation":{"x":-0.057262808084487918,"y":-0.023361068218946458,"z":0.001340480288490653,"w":-0.9980849027633667},"size":318.10906982421877,"orthographic":false}