{"cameraMode":{"drawMode":0,"name":"Shaded","section":"Shading Mode"},"sceneLighting":false,"audioPlay":false,"sceneViewState":{"showFog":true,"showMaterialUpdate":true,"showSkybox":true,"showFlares":true,"showImageEffects":true,"showParticleSystems":true},"in2DMode":false,"pivot":{"x":21.498027801513673,"y":5.297031402587891,"z":22.063251495361329},"rotation":{"x":-0.028800463303923608,"y":-0.0188936535269022,"z":0.0005444683483801782,"w":-0.9994064569473267},"size":61.209938049316409,"orthographic":false}