{"cameraMode":{"drawMode":0,"name":"Shaded","section":"Shading Mode"},"sceneLighting":false,"audioPlay":false,"sceneViewState":{"showFog":true,"showMaterialUpdate":true,"showSkybox":true,"showFlares":true,"showImageEffects":true,"showParticleSystems":true},"in2DMode":false,"pivot":{"x":41.19110870361328,"y":50.59832000732422,"z":-708.3281860351563},"rotation":{"x":-0.17567647993564607,"y":0.6448886394500732,"z":-0.15576620399951936,"w":-0.7273193001747131},"size":64.10247039794922,"orthographic":false}