{"cameraMode":{"drawMode":0,"name":"Shaded","section":"Shading Mode"},"sceneLighting":false,"audioPlay":false,"sceneViewState":{"showFog":true,"showMaterialUpdate":true,"showSkybox":true,"showFlares":true,"showImageEffects":true,"showParticleSystems":true},"in2DMode":false,"pivot":{"x":48.36144256591797,"y":51.21742248535156,"z":-711.1168823242188},"rotation":{"x":-0.11717651784420014,"y":0.21480855345726014,"z":-0.025968939065933229,"w":-0.969253659248352},"size":21.350738525390626,"orthographic":false}