{"cameraMode":{"drawMode":0,"name":"Shaded","section":"Shading Mode"},"sceneLighting":false,"audioPlay":false,"sceneViewState":{"showFog":true,"showMaterialUpdate":true,"showSkybox":true,"showFlares":true,"showImageEffects":true,"showParticleSystems":true},"in2DMode":false,"pivot":{"x":-0.5667190551757813,"y":-0.18129515647888184,"z":48.363922119140628},"rotation":{"x":-0.13404716551303864,"y":0.11124010384082794,"z":-0.01514480635523796,"w":-0.9845951795578003},"size":5.928210258483887,"orthographic":false}