{"cameraMode":{"drawMode":0,"name":"Shaded","section":"Shading Mode"},"sceneLighting":false,"audioPlay":false,"sceneViewState":{"showFog":true,"showMaterialUpdate":true,"showSkybox":true,"showFlares":true,"showImageEffects":true,"showParticleSystems":true},"in2DMode":false,"pivot":{"x":416.6112060546875,"y":145.58615112304688,"z":-1258.9876708984375},"rotation":{"x":-0.014440936036407948,"y":0.3325100541114807,"z":-0.005091916304081678,"w":-0.9429754018783569},"size":31.963478088378908,"orthographic":false}