{"cameraMode":{"drawMode":0,"name":"Shaded","section":"Shading Mode"},"sceneLighting":false,"audioPlay":false,"sceneViewState":{"showFog":true,"showMaterialUpdate":true,"showSkybox":true,"showFlares":true,"showImageEffects":true,"showParticleSystems":true},"in2DMode":false,"pivot":{"x":47.05111312866211,"y":55.99470901489258,"z":-689.2802124023438},"rotation":{"x":-0.14434874057769776,"y":0.09276977181434632,"z":-0.013594145886600018,"w":-0.9850748181343079},"size":76.55368041992188,"orthographic":false}