{"cameraMode":{"drawMode":0,"name":"Shaded","section":"Shading Mode"},"sceneLighting":false,"audioPlay":false,"sceneViewState":{"showFog":true,"showMaterialUpdate":true,"showSkybox":true,"showFlares":true,"showImageEffects":true,"showParticleSystems":true},"in2DMode":false,"pivot":{"x":-18.0,"y":1.75870680809021,"z":-464.22406005859377},"rotation":{"x":-0.11717651784420014,"y":0.21480855345726014,"z":-0.025968939065933229,"w":-0.969253659248352},"size":5.7157673835754398,"orthographic":false}