{"cameraMode":{"drawMode":0,"name":"Shaded","section":"Shading Mode"},"sceneLighting":false,"audioPlay":false,"sceneViewState":{"showFog":true,"showMaterialUpdate":true,"showSkybox":true,"showFlares":true,"showImageEffects":true,"showParticleSystems":true},"in2DMode":false,"pivot":{"x":268.5789489746094,"y":233.8685302734375,"z":-814.2083129882813},"rotation":{"x":-0.07119196653366089,"y":0.41333019733428957,"z":-0.03243537247180939,"w":-0.907214343547821},"size":19.7818603515625,"orthographic":false}