{"cameraMode":{"drawMode":0,"name":"Shaded","section":"Shading Mode"},"sceneLighting":false,"audioPlay":false,"sceneViewState":{"showFog":true,"showMaterialUpdate":true,"showSkybox":true,"showFlares":true,"showImageEffects":true,"showParticleSystems":true},"in2DMode":false,"pivot":{"x":278.75274658203127,"y":176.8220977783203,"z":147.55520629882813},"rotation":{"x":-0.025498652830719949,"y":0.003897539572790265,"z":-0.00009962249168893322,"w":-0.9996672868728638},"size":662.5796508789063,"orthographic":false}