{"cameraMode":{"drawMode":0,"name":"Shaded","section":"Shading Mode"},"sceneLighting":false,"audioPlay":false,"sceneViewState":{"showFog":true,"showMaterialUpdate":true,"showSkybox":true,"showFlares":true,"showImageEffects":true,"showParticleSystems":true},"in2DMode":false,"pivot":{"x":11.16246509552002,"y":41.9620246887207,"z":136.04013061523438},"rotation":{"x":-0.22198526561260224,"y":0.3503217101097107,"z":-0.08584576845169068,"w":-0.9058851003646851},"size":22.0,"orthographic":false}