{"cameraMode":{"drawMode":0,"name":"Shaded","section":"Shading Mode"},"sceneLighting":true,"audioPlay":false,"sceneViewState":{"showFog":true,"showMaterialUpdate":true,"showSkybox":true,"showFlares":true,"showImageEffects":true,"showParticleSystems":true},"in2DMode":false,"pivot":{"x":89.03121948242188,"y":142.35739135742188,"z":136.49234008789063},"rotation":{"x":-0.23802416026592256,"y":-0.4455965459346771,"z":0.12419119477272034,"w":-0.854028582572937},"size":616.995849609375,"orthographic":false}