{"cameraMode":{"drawMode":0,"name":"Shaded","section":"Shading Mode"},"sceneLighting":false,"audioPlay":false,"sceneViewState":{"showFog":true,"showMaterialUpdate":true,"showSkybox":true,"showFlares":true,"showImageEffects":true,"showParticleSystems":true},"in2DMode":false,"pivot":{"x":-27.48785400390625,"y":-1.8016023635864258,"z":2.7572555541992189},"rotation":{"x":0.05162764713168144,"y":0.9192076921463013,"z":0.12877458333969117,"w":-0.36852267384529116},"size":26.211105346679689,"orthographic":false}