{"cameraMode":{"drawMode":0,"name":"Shaded","section":"Shading Mode"},"sceneLighting":false,"audioPlay":false,"sceneViewState":{"showFog":true,"showMaterialUpdate":true,"showSkybox":true,"showFlares":true,"showImageEffects":true,"showParticleSystems":true},"in2DMode":false,"pivot":{"x":334.90582275390627,"y":164.33456420898438,"z":0.23284912109375},"rotation":{"x":-0.00180902355350554,"y":-0.024899989366531373,"z":0.00004505779725150205,"w":-0.9996883273124695},"size":428.9103088378906,"orthographic":false}