{"cameraMode":{"drawMode":0,"name":"Shaded","section":"Shading Mode"},"sceneLighting":false,"audioPlay":false,"sceneViewState":{"showFog":true,"showMaterialUpdate":true,"showSkybox":true,"showFlares":true,"showImageEffects":true,"showParticleSystems":true},"in2DMode":false,"pivot":{"x":43.89638137817383,"y":49.21514892578125,"z":-715.1295776367188},"rotation":{"x":-0.04821358621120453,"y":0.6662859320640564,"z":-0.04324236139655113,"w":-0.7428786158561707},"size":30.987764358520509,"orthographic":false}