{"cameraMode":{"drawMode":0,"name":"Shaded","section":"Shading Mode"},"sceneLighting":false,"audioPlay":false,"sceneViewState":{"showFog":true,"showMaterialUpdate":true,"showSkybox":true,"showFlares":true,"showImageEffects":true,"showParticleSystems":true},"in2DMode":false,"pivot":{"x":-44.30514907836914,"y":14.161457061767579,"z":-58.09360885620117},"rotation":{"x":-0.11717651784420014,"y":0.21480855345726014,"z":-0.025968939065933229,"w":-0.969253659248352},"size":44.33628463745117,"orthographic":false}