{"cameraMode":{"drawMode":0,"name":"Shaded","section":"Shading Mode"},"sceneLighting":false,"audioPlay":false,"sceneViewState":{"showFog":true,"showMaterialUpdate":true,"showSkybox":true,"showFlares":true,"showImageEffects":true,"showParticleSystems":true},"in2DMode":false,"pivot":{"x":298.7864685058594,"y":143.3610382080078,"z":548.2042846679688},"rotation":{"x":-0.07874777913093567,"y":0.762353241443634,"z":-0.09448704123497009,"w":-0.6353649497032166},"size":9.011704444885254,"orthographic":false}