{"cameraMode":{"drawMode":0,"name":"Shaded","section":"Shading Mode"},"sceneLighting":false,"audioPlay":false,"sceneViewState":{"showFog":true,"showMaterialUpdate":true,"showSkybox":true,"showFlares":true,"showImageEffects":true,"showParticleSystems":true},"in2DMode":false,"pivot":{"x":15.550451278686524,"y":42.44662857055664,"z":137.7645721435547},"rotation":{"x":-0.08951178938150406,"y":0.573487401008606,"z":-0.06323062628507614,"w":-0.8118508458137512},"size":4.64796781539917,"orthographic":false}