{"cameraMode":{"drawMode":0,"name":"Shaded","section":"Shading Mode"},"sceneLighting":false,"audioPlay":false,"sceneViewState":{"showFog":true,"showMaterialUpdate":true,"showSkybox":true,"showFlares":true,"showImageEffects":true,"showParticleSystems":true},"in2DMode":false,"pivot":{"x":-2.4430994987487795,"y":0.8438434600830078,"z":46.73121643066406},"rotation":{"x":-0.09872511774301529,"y":0.37526437640190127,"z":-0.04023614153265953,"w":-0.9207665920257568},"size":3.395653486251831,"orthographic":false}