{"cameraMode":{"drawMode":0,"name":"Shaded","section":"Shading Mode"},"sceneLighting":false,"audioPlay":false,"sceneViewState":{"showFog":true,"showMaterialUpdate":true,"showSkybox":true,"showFlares":true,"showImageEffects":true,"showParticleSystems":true},"in2DMode":false,"pivot":{"x":266.0789489746094,"y":231.3685302734375,"z":-814.2083129882813},"rotation":{"x":-0.15268085896968842,"y":0.19286087155342103,"z":-0.030394596979022027,"w":-0.9687979221343994},"size":22.0,"orthographic":false}