{"cameraMode":{"drawMode":0,"name":"Shaded","section":"Shading Mode"},"sceneLighting":false,"audioPlay":false,"sceneViewState":{"showFog":true,"showMaterialUpdate":true,"showSkybox":true,"showFlares":true,"showImageEffects":true,"showParticleSystems":true},"in2DMode":false,"pivot":{"x":2.4208250045776369,"y":0.6185238361358643,"z":0.7350778579711914},"rotation":{"x":-0.11077135056257248,"y":0.006856298539787531,"z":-0.0007644019788131118,"w":-0.9938219785690308},"size":36.88551330566406,"orthographic":false}