{"cameraMode":{"drawMode":0,"name":"Shaded","section":"Shading Mode"},"sceneLighting":false,"audioPlay":false,"sceneViewState":{"showFog":true,"showMaterialUpdate":true,"showSkybox":true,"showFlares":true,"showImageEffects":true,"showParticleSystems":true},"in2DMode":false,"pivot":{"x":421.46649169921877,"y":148.52349853515626,"z":-1266.341064453125},"rotation":{"x":-0.019703513011336328,"y":-0.10270090401172638,"z":0.0020347328390926124,"w":-0.994515061378479},"size":10.050891876220704,"orthographic":false}