{"cameraMode":{"drawMode":0,"name":"Shaded","section":"Shading Mode"},"sceneLighting":false,"audioPlay":false,"sceneViewState":{"showFog":true,"showMaterialUpdate":true,"showSkybox":true,"showFlares":true,"showImageEffects":true,"showParticleSystems":true},"in2DMode":false,"pivot":{"x":-140.11521911621095,"y":-27.547666549682618,"z":-110.97474670410156},"rotation":{"x":-0.18056730926036836,"y":0.21924863755702973,"z":-0.041328150779008868,"w":-0.9579235315322876},"size":166.63723754882813,"orthographic":false}