{"cameraMode":{"drawMode":0,"name":"Shaded","section":"Shading Mode"},"sceneLighting":false,"audioPlay":false,"sceneViewState":{"showFog":true,"showMaterialUpdate":true,"showSkybox":true,"showFlares":true,"showImageEffects":true,"showParticleSystems":true},"in2DMode":false,"pivot":{"x":268.5789489746094,"y":233.8685302734375,"z":-814.2083129882813},"rotation":{"x":-0.023818880319595338,"y":0.3847706615924835,"z":-0.009932910092175007,"w":-0.9226514101028442},"size":22.0,"orthographic":false}