{"cameraMode":{"drawMode":0,"name":"Shaded","section":"Shading Mode"},"sceneLighting":false,"audioPlay":false,"sceneViewState":{"showFog":true,"showMaterialUpdate":true,"showSkybox":true,"showFlares":true,"showImageEffects":true,"showParticleSystems":true},"in2DMode":false,"pivot":{"x":268.5789489746094,"y":233.8685302734375,"z":-814.2083129882813},"rotation":{"x":-0.13369424641132356,"y":0.2721462547779083,"z":-0.038212694227695468,"w":-0.9521565437316895},"size":18.42702293395996,"orthographic":false}