{"cameraMode":{"drawMode":0,"name":"Shaded","section":"Shading Mode"},"sceneLighting":false,"audioPlay":false,"sceneViewState":{"showFog":true,"showMaterialUpdate":true,"showSkybox":true,"showFlares":true,"showImageEffects":true,"showParticleSystems":true},"in2DMode":false,"pivot":{"x":268.1294250488281,"y":233.30508422851563,"z":-813.1380615234375},"rotation":{"x":-0.09037727862596512,"y":0.33999767899513247,"z":-0.03284657746553421,"w":-0.9354970455169678},"size":22.0,"orthographic":false}