{"cameraMode":{"drawMode":0,"name":"Shaded","section":"Shading Mode"},"sceneLighting":false,"audioPlay":false,"sceneViewState":{"showFog":true,"showMaterialUpdate":true,"showSkybox":true,"showFlares":true,"showImageEffects":true,"showParticleSystems":true},"in2DMode":false,"pivot":{"x":47.00396728515625,"y":52.6796875,"z":-722.546875},"rotation":{"x":0.18195997178554536,"y":-0.014749305322766304,"z":0.002728239865973592,"w":0.9831916093826294},"size":26.599485397338868,"orthographic":true}