{"cameraMode":{"drawMode":0,"name":"Shaded","section":"Shading Mode"},"sceneLighting":true,"audioPlay":false,"sceneViewState":{"showFog":true,"showMaterialUpdate":true,"showSkybox":true,"showFlares":true,"showImageEffects":true,"showParticleSystems":true},"in2DMode":false,"pivot":{"x":-6.057003974914551,"y":-40.74876022338867,"z":8.0604248046875},"rotation":{"x":-0.0010133509058505297,"y":0.9984219074249268,"z":-0.05277534946799278,"w":-0.019171109423041345},"size":320.9328918457031,"orthographic":false}