{"cameraMode":{"drawMode":0,"name":"Shaded","section":"Shading Mode"},"sceneLighting":true,"audioPlay":false,"sceneViewState":{"showFog":true,"showMaterialUpdate":true,"showSkybox":true,"showFlares":true,"showImageEffects":true,"showParticleSystems":true},"in2DMode":false,"pivot":{"x":43.71126937866211,"y":178.78955078125,"z":40.626251220703128},"rotation":{"x":-0.10774131864309311,"y":-0.030418146401643754,"z":0.003297836519777775,"w":-0.993708074092865},"size":510.5709533691406,"orthographic":false}