{"cameraMode":{"drawMode":0,"name":"Shaded","section":"Shading Mode"},"sceneLighting":false,"audioPlay":false,"sceneViewState":{"showFog":true,"showMaterialUpdate":true,"showSkybox":true,"showFlares":true,"showImageEffects":true,"showParticleSystems":true},"in2DMode":false,"pivot":{"x":9.977127075195313,"y":43.476036071777347,"z":-727.1255493164063},"rotation":{"x":-0.031982388347387317,"y":0.8738789558410645,"z":-0.0580318383872509,"w":-0.48160669207572939},"size":63.47568130493164,"orthographic":false}