{"cameraMode":{"drawMode":0,"name":"Shaded","section":"Shading Mode"},"sceneLighting":true,"audioPlay":false,"sceneViewState":{"showFog":true,"showMaterialUpdate":true,"showSkybox":true,"showFlares":true,"showImageEffects":true,"showParticleSystems":true},"in2DMode":false,"pivot":{"x":-62.963958740234378,"y":-118.26007843017578,"z":33.2420654296875},"rotation":{"x":-0.15800830721855164,"y":0.0630507618188858,"z":-0.010110490955412388,"w":-0.9853708744049072},"size":576.0323486328125,"orthographic":false}