{"cameraMode":{"drawMode":0,"name":"Shaded","section":"Shading Mode"},"sceneLighting":true,"audioPlay":false,"sceneViewState":{"showFog":true,"showMaterialUpdate":true,"showSkybox":true,"showFlares":true,"showImageEffects":true,"showParticleSystems":true},"in2DMode":false,"pivot":{"x":9.930177688598633,"y":-16.415178298950197,"z":373.25225830078127},"rotation":{"x":-0.028802892193198205,"y":-0.014395320788025856,"z":0.0004150362510699779,"w":-0.9994813799858093},"size":200.75430297851563,"orthographic":false}