{"cameraMode":{"drawMode":0,"name":"Shaded","section":"Shading Mode"},"sceneLighting":false,"audioPlay":false,"sceneViewState":{"showFog":true,"showMaterialUpdate":true,"showSkybox":true,"showFlares":true,"showImageEffects":true,"showParticleSystems":true},"in2DMode":false,"pivot":{"x":-125.12763977050781,"y":-110.25891876220703,"z":-142.65975952148438},"rotation":{"x":-0.15811854600906373,"y":0.051222462207078937,"z":-0.008213691413402558,"w":-0.9860564470291138},"size":11.633611679077149,"orthographic":false}