{"cameraMode":{"drawMode":0,"name":"Shaded","section":"Shading Mode"},"sceneLighting":false,"audioPlay":false,"sceneViewState":{"showFog":true,"showMaterialUpdate":true,"showSkybox":true,"showFlares":true,"showImageEffects":true,"showParticleSystems":true},"in2DMode":false,"pivot":{"x":10.533742904663086,"y":25.71610450744629,"z":-616.723876953125},"rotation":{"x":-0.07342157512903214,"y":-0.018550071865320207,"z":0.0013659134274348617,"w":-0.9971275329589844},"size":12.390437126159668,"orthographic":false}