{"cameraMode":{"drawMode":0,"name":"Shaded","section":"Shading Mode"},"sceneLighting":true,"audioPlay":false,"sceneViewState":{"showFog":true,"showMaterialUpdate":true,"showSkybox":true,"showFlares":true,"showImageEffects":true,"showParticleSystems":true},"in2DMode":false,"pivot":{"x":-41.45661926269531,"y":32.122039794921878,"z":-463.6253662109375},"rotation":{"x":-0.13180270791053773,"y":0.2836116850376129,"z":-0.03938887268304825,"w":-0.9490211009979248},"size":249.86343383789063,"orthographic":false}