{"cameraMode":{"drawMode":0,"name":"Shaded","section":"Shading Mode"},"sceneLighting":false,"audioPlay":false,"sceneViewState":{"showFog":true,"showMaterialUpdate":true,"showSkybox":true,"showFlares":true,"showImageEffects":true,"showParticleSystems":true},"in2DMode":false,"pivot":{"x":-20.20079803466797,"y":1.9112108945846558,"z":-463.57562255859377},"rotation":{"x":-0.0009891027584671975,"y":-0.5526977181434631,"z":-0.0006560767069458962,"w":0.8333809971809387},"size":5.739505767822266,"orthographic":false}