{"cameraMode":{"drawMode":0,"name":"Shaded","section":"Shading Mode"},"sceneLighting":false,"audioPlay":false,"sceneViewState":{"showFog":true,"showMaterialUpdate":true,"showSkybox":true,"showFlares":true,"showImageEffects":true,"showParticleSystems":true},"in2DMode":false,"pivot":{"x":23.420265197753908,"y":49.53327178955078,"z":-721.0986328125},"rotation":{"x":0.001232506358064711,"y":-0.7322962880134583,"z":0.0013254551449790598,"w":0.6809837818145752},"size":56.27843475341797,"orthographic":false}