{"cameraMode":{"drawMode":0,"name":"Shaded","section":"Shading Mode"},"sceneLighting":true,"audioPlay":false,"sceneViewState":{"showFog":true,"showMaterialUpdate":true,"showSkybox":true,"showFlares":true,"showImageEffects":true,"showParticleSystems":true},"in2DMode":false,"pivot":{"x":-14.00933837890625,"y":13.937994003295899,"z":-425.0718994140625},"rotation":{"x":-0.023818880319595338,"y":0.3847706615924835,"z":-0.009932910092175007,"w":-0.9226514101028442},"size":161.22314453125,"orthographic":false}