{"cameraMode":{"drawMode":0,"name":"Shaded","section":"Shading Mode"},"sceneLighting":false,"audioPlay":false,"sceneViewState":{"showFog":true,"showMaterialUpdate":true,"showSkybox":true,"showFlares":true,"showImageEffects":true,"showParticleSystems":true},"in2DMode":false,"pivot":{"x":47.222652435302737,"y":47.73804473876953,"z":-708.1573486328125},"rotation":{"x":-0.03250466659665108,"y":-0.6957097053527832,"z":0.03154410049319267,"w":-0.7168936133384705},"size":19.56821060180664,"orthographic":false}