{"cameraMode":{"drawMode":0,"name":"Shaded","section":"Shading Mode"},"sceneLighting":true,"audioPlay":false,"sceneViewState":{"showFog":true,"showMaterialUpdate":true,"showSkybox":true,"showFlares":true,"showImageEffects":true,"showParticleSystems":true},"in2DMode":false,"pivot":{"x":301.6507263183594,"y":149.53518676757813,"z":-25.242961883544923},"rotation":{"x":-0.08227857202291489,"y":-0.055880945175886157,"z":0.004620577208697796,"w":-0.9950307607650757},"size":257.4772033691406,"orthographic":false}