{"cameraMode":{"drawMode":0,"name":"Shaded","section":"Shading Mode"},"sceneLighting":true,"audioPlay":false,"sceneViewState":{"showFog":true,"showMaterialUpdate":true,"showSkybox":true,"showFlares":true,"showImageEffects":true,"showParticleSystems":true},"in2DMode":false,"pivot":{"x":-2.6692299842834474,"y":-0.6613302230834961,"z":-24104.857421875},"rotation":{"x":-0.10774131864309311,"y":-0.030418146401643754,"z":0.003297836519777775,"w":-0.993708074092865},"size":131.76913452148438,"orthographic":false}